زمان ایجاد,متن مطلب,نام کاربری منبع,مشاهده مطلب,آدرس مطلب,زمان ایجاد میلادی
1404-10-18 20:53:54,مشهد هاشمیه غوغاست!,choonkehghashange,71,https://telegram.me/choonkehghashange/13816,2026-01-08 17:23:54
1404-10-18 20:34:33,یوسف آباد تهران، مردم به خیابانها اومدن,choonkehghashange,57,https://telegram.me/choonkehghashange/13815,2026-01-08 17:04:33
1404-10-18 20:34:18,✌️✌️✌️✌️✌️شروع تجمع در شهریار۱۸ دی!,choonkehghashange,56,https://telegram.me/choonkehghashange/13814,2026-01-08 17:04:18
1404-10-18 20:33:50,منیریه تهران با شعار تا آخوند کفن نشود، این وطن وطن نشود!,choonkehghashange,58,https://telegram.me/choonkehghashange/13813,2026-01-08 17:03:50
1404-10-18 20:33:33,قائمشهر میدان طالقانی,choonkehghashange,61,https://telegram.me/choonkehghashange/13812,2026-01-08 17:03:33
1404-10-18 20:30:59,کرمانشاه و زنجان خیلی خیلی شلوغ گزارش میشه !,choonkehghashange,76,https://telegram.me/choonkehghashange/13811,2026-01-08 17:00:59
1404-10-18 20:29:10,نوشته : الان ساعت ۲۰و۲۰دقیقه هست تو پرند فاز شش همه از بالکن منازل و در کوچه وخیابان شعار مرگ بر خامنه ای سر میدن!انقلاب به خانه ها کشیده شد!!!,choonkehghashange,79,https://telegram.me/choonkehghashange/13810,2026-01-08 16:59:10
1404-10-18 20:26:41,مردم تبریز با شعار شاه رضا پهلوی به خیابان آمدن❤️,choonkehghashange,53,https://telegram.me/choonkehghashange/13809,2026-01-08 16:56:41
1404-10-18 20:25:44,تهران محله و خیابان شریعتی شروع شده!,choonkehghashange,55,https://telegram.me/choonkehghashange/13808,2026-01-08 16:55:44
1404-10-18 20:25:30,تهرانسر مردم همین  الان موتورهای سرکوبگرا رو همرو آتیش زدند,choonkehghashange,56,https://telegram.me/choonkehghashange/13807,2026-01-08 16:55:30
1404-10-18 20:24:50,خرم آبادخیلی شلوغه قوم دلیر لر ازساعت هفت شب شروع کردن خیابون انقلاب زیر پای جمعیت میلرزه😍,choonkehghashange,55,https://telegram.me/choonkehghashange/13806,2026-01-08 16:54:50
1404-10-18 20:23:04,مردم فردیس رو گرفتن نیروهای حکومتی هم فرارکردن 😍بینظیره،جمعیت بی سابقه س😍😍😍,choonkehghashange,57,https://telegram.me/choonkehghashange/13805,2026-01-08 16:53:04
1404-10-18 20:11:57,مجیدیه شمالی، هروی ، مجیدیه جنوبی قیامته مردم ریختن بیرون!,choonkehghashange,68,https://telegram.me/choonkehghashange/13804,2026-01-08 16:41:57
1404-10-18 20:08:30,بچه ها سر ساعت هشت برقای ما رو قط کردن,choonkehghashange,71,https://telegram.me/choonkehghashange/13803,2026-01-08 16:38:30
1404-10-18 20:01:31,بیرون بیا رفیق!خطر کن با پول خُردی که دیگر پول نیستبا جای خوابی که در زیر باران استو با کاری که فردا از دست اش خواهی داد.پا به خیابان بگذار! بِرَزم!برای صبر کردن خیلی دیر شده است.به یاری ما بشتاب تا به خود کمک کرده باشیهمبستگی بکن!بیرون بیا رفیقدر برابر سلاح ها از دستمزد ات دفاع کن!اگر تو بدانی که چیزی برای از دست دادن نداریآنگاه پلیس، اسلحه کم خواهد آورد!پا به خیابان بگذار! بِرَزم!برای صبر کردن خیلی دیر شده است.به یاری ما بشتاب تا به خود کمک کرده باشیهمبستگی بکن!برتولت برشت,choonkehghashange,83,https://telegram.me/choonkehghashange/13802,2026-01-08 16:31:31
1404-10-18 20:01:15,تهران هم اکنون❤️,choonkehghashange,64,https://telegram.me/choonkehghashange/13801,2026-01-08 16:31:15
1404-10-18 19:50:00,درگز خراسان رضویخمینی شهر اصفهانبیجارنیشابورآبادانگیلانغرببیرجنددزفولآستانه اشرفیهقروه کردستانوکیل آباددرود لرستانقزوینهمدانزنجانمشهدایذهاردبیلدهگلانکرمانشاهکامیارانسنندجسرپل ذهاباسلام آباد تالش و.....از ساعاتی پیش و هم اکنون به خیابان آمدند❤️,choonkehghashange,78,https://telegram.me/choonkehghashange/13800,2026-01-08 16:20:00
1404-10-18 19:43:49,تهران صادقیهاکباتانجنت آبادنازی آبادهفت حوضدانشگاه خواجه نصیردردشت و ... شروع کردن,choonkehghashange,62,https://telegram.me/choonkehghashange/13799,2026-01-08 16:13:49
1404-10-18 19:40:57,تمام کافهها ظاهرا فردا و پس فردا رو تعطیل کردن توی تهران. واقعا چیزای قشنگ و عجیبی داریم میبینیم!,choonkehghashange,101,https://telegram.me/choonkehghashange/13798,2026-01-08 16:10:57
1404-10-18 19:39:26,روحالله خمینی، اردیبهشت ۵۷:حالا که اهل ایران قیام کرده بنا باید بر این باشد که در تمام ایران یک روز اجتماع باشد. متفرق نباشیداگر روزی یک کلمهای فرض کنید از یک جایی صادر شد، اهالی ایران یک حرکت باشندهر کسی برای خودش یک سازی نزند. این شکست است. باید سازمان داده شود به این قیام!,choonkehghashange,97,https://telegram.me/choonkehghashange/13797,2026-01-08 16:09:26
1404-10-18 19:38:27,اگه کسی گفت نزنید یادت باشه اون سه نفری که پشت ماشین میهن به نیکا تعرض کردن و با لگد به سرش زدن و کشتنش هنوز اون بیرونن!!,choonkehghashange,82,https://telegram.me/choonkehghashange/13796,2026-01-08 16:08:27
1404-10-18 19:37:54,امشب ساعت ۲۰.۰۰ صدای انقلاب ایران را خواهند شنید...با هر رنگ و زبان و عقیدهای، باید روبروی این حکومت فاسد و ظالم ایستاد.ساعت ۲۰.۰۰ صدای ایران باشیم❤️,choonkehghashange,80,https://telegram.me/choonkehghashange/13795,2026-01-08 16:07:54
1404-10-18 19:36:35,ج.ا. چند نفر نیروی سرکوب در اختیار دارد؟چند خودروی سرکوب در اختیار دارد؟چقدر گاز اشکآور در انبار حکومت موجود است؟مردم به خوبی فهمیدهاند که برتری عددی بیچون و چرایشان، تمام میکند عمر این حکومت ظالم را...,choonkehghashange,81,https://telegram.me/choonkehghashange/13794,2026-01-08 16:06:35
1404-10-18 19:34:55,کسی که امروز پول نداره ممکنه فردا داشته باشهولی اگه کسی امروز شرف نداره شک نکنیم که فردا هم نداره!,choonkehghashange,207,https://telegram.me/choonkehghashange/13793,2026-01-08 16:04:55
1404-10-18 19:34:20,امشب ایران تقسیم بر دو میشود: یک طرف ملت ایران یکی میشوند، یک طرف بیطرفها و بیشرفها!,choonkehghashange,206,https://telegram.me/choonkehghashange/13792,2026-01-08 16:04:20
1404-10-18 19:33:50,یه نفر نوشته بودخوابیدنِ ما ایرانیها الان ریسکیه، چون ممکنه سکانس پایانی رو از دست بِدیم.جدی چه دلهرهی شیرینیه❤️❤️❤️❤️❤️,choonkehghashange,77,https://telegram.me/choonkehghashange/13791,2026-01-08 16:03:50
1404-10-18 19:33:22,تا وقتی پول بود، به اسم ارز ترجیحی بین رفقای بیشرف تر از خودتون تقسیم کردید و هزینهش رو مردم دادند،حالا که ارزی نمونده، منت حذفش رو بر سر ملت میگذارید و تورمش دوباره از جیب مردم میرود!اگر قصد مبارزه با فساد داشتید، مجوزهای رانتی و بودجه نهادهای بیخاصیت را حذف میکردید!چطوری اینقدر بیشرافتید؟,choonkehghashange,119,https://telegram.me/choonkehghashange/13790,2026-01-08 16:03:22
1404-10-18 19:32:10,دریافتی:مردم رزن ریختن بیرون !!!!رزن شهرستان محروم استان همدانه که تا امروز چنین صحنه ای به خودش ندیده بود، اعتراضات طوریه مثل سیل جاری شده و همه جا رو میگیره!!,choonkehghashange,78,https://telegram.me/choonkehghashange/13789,2026-01-08 16:02:10
1404-10-18 19:31:33,تاحالا رفتی اعتراضات؟ +نهاسمت چیه؟ +اسم ندارمخونتون کجاست؟ +خونه ندارمتوییتر داری؟ +توییتر چیهتاحالا شعار نوشتی؟ منم انقلابی ام+نه ننوشتممیدونی کجاها شلوغه؟ +نههشتگ میزنی تو فضای مجازی؟ +نهبیا بریم اونور شلوغتره+نمیامنکات مهم امروز رو اطلاع رسانی کنیم🙏,choonkehghashange,78,https://telegram.me/choonkehghashange/13788,2026-01-08 16:01:33
1404-10-18 19:30:15,آخوندا برای سقوط نکردنشون روی همه چی خوب فکر کرده بودن؛ سرکوب خشن، توی نطفه خفه کردن مخالف، اپوزیسیون الکی، و…روی همه چی خوب فکر کردن بودن به جز غیر قابل زندگی کردن ایران!,choonkehghashange,76,https://telegram.me/choonkehghashange/13787,2026-01-08 16:00:15
1404-10-18 19:29:22,چراغ امروز را #کردستان روشن کرد😍,choonkehghashange,90,https://telegram.me/choonkehghashange/13786,2026-01-08 15:59:22
1404-10-18 19:27:57,با دلار ۷ تومنی اومدنبا وعدهی ۷ دلاری دارن میرن!!!,choonkehghashange,68,https://telegram.me/choonkehghashange/13785,2026-01-08 15:57:57
1404-10-18 19:27:26,خطاب به تمام دنیا؛اگر #اینترنت در ایران قطع شد، هر چیزی که #خط_سفیدها درباره ما مردم نوشتن همش دروغه!!!!,choonkehghashange,71,https://telegram.me/choonkehghashange/13784,2026-01-08 15:57:26
1404-10-18 19:27:05,فردای براندازی بودجه تروریستهای منطقه خرج تحصیل کودکان سیستان و بلوچستان میشه، چرا انقلاب نکنیم؟؟,choonkehghashange,73,https://telegram.me/choonkehghashange/13783,2026-01-08 15:57:05
1404-10-18 19:25:30,اون لحظه که مبارزین تو مشهد در ماشین بازداشتیها رو باز کردند و همه رو آزاد کردندمن اشک ریختم، اشک شوق❤️,choonkehghashange,76,https://telegram.me/choonkehghashange/13782,2026-01-08 15:55:30
1404-10-18 19:23:55,نبرد مردم و نیروهای سرکوب در شهرهای مختلف ایران آغاز شده است. شب کذشته از شمال تا جنوب ایران، همگی شاهد این درگیری بودهاند.شجاعت مردم در خیابان تثبیت شده است. دیگر چیزی به عقب، بازنمیگردد!,choonkehghashange,91,https://telegram.me/choonkehghashange/13781,2026-01-08 15:53:55
1404-10-18 19:23:32,دیشب از دارانِ اصفهان، یک گروه اعزام کردند برن بروجرد رو ساکت کنن، سر راه توی الیگودرز یک فصل کتک خوردن، برگشتن 😂بنازم به لرستان❤️,choonkehghashange,90,https://telegram.me/choonkehghashange/13780,2026-01-08 15:53:32
1404-10-18 19:19:36,شهر ها دارن شلوغ میشن کم کم.,choonkehghashange,96,https://telegram.me/choonkehghashange/13779,2026-01-08 15:49:36
1404-10-18 17:57:07,در کتاب تاریخ ایران، زیر این عکس مینویسند:ملتی که گرسنه بود، اما شرافت نفروخت!!!!,choonkehghashange,126,https://telegram.me/choonkehghashange/13778,2026-01-08 14:27:07
1404-10-18 17:56:21,هومن سیدی درباره ریختن برنج ها در آبدانان تو استوری اکانت اینستاگرام خودش : این اعلام حد است. اعلامِ حد یعنی انسان هنوز صاحب کرامت است، حتی وقتی چیزی برای خوردن ندارد!,choonkehghashange,80,https://telegram.me/choonkehghashange/13777,2026-01-08 14:26:21
1404-10-18 17:56:03,استایل پیاده روی برای برودت هوا در آخر هفته :,choonkehghashange,80,https://telegram.me/choonkehghashange/13776,2026-01-08 14:26:03
1404-10-18 17:51:33,به هیچ عنوان تاکید میکنم به هیچ عنوان اگر تو اعتراضات شرکت میکنید از هیچکس حتی کسی که میشناسید خوراکی یا قرص یا هرچیز دیگهای نگیرید حتی آب پلمپ شده هم نگیرید برای خوردن!حتما اطلاع رسانی کنید دوستان ❤️,choonkehghashange,108,https://telegram.me/choonkehghashange/13775,2026-01-08 14:21:33
1404-10-18 17:41:12,اگه اینترنت رو قطع کردن:,choonkehghashange,94,https://telegram.me/choonkehghashange/13774,2026-01-08 14:11:12
1404-10-18 17:39:43,صدا و سیما اومد مسخره کنه ولی گل به خودی زد و فراخوان رضا پهلوی برای پنجشنبه جمعه رو، روی آنتن زنده اعلام کردن!,choonkehghashange,95,https://telegram.me/choonkehghashange/13773,2026-01-08 14:09:43
1404-10-18 17:38:44,اما میترا حجازی استاد بزرگ شطرنج جهان در مورد شطرنج حرف نمیزنه!,choonkehghashange,95,https://telegram.me/choonkehghashange/13772,2026-01-08 14:08:44
1404-10-18 14:44:46,,choonkehghashange,164,https://telegram.me/choonkehghashange/13771,2026-01-08 11:14:46
1404-10-18 14:42:36,هر کی میگه 16 نیست 1718                   1920:00,choonkehghashange,169,https://telegram.me/choonkehghashange/13770,2026-01-08 11:12:36
1404-10-18 14:42:31,,choonkehghashange,168,https://telegram.me/choonkehghashange/13769,2026-01-08 11:12:31
1404-10-18 01:25:01,پلی مارکت : شرط بندی روی جمهوری اسلامی رکورد زده!شبتون خوش عزیزانم🌷,choonkehghashange,231,https://telegram.me/choonkehghashange/13768,2026-01-07 21:55:01
1404-10-18 01:18:08,فقط حواسمون شدیدا باشه فردا در حین ورزش و پیاده روی برای تندرستی اگه احیانا یه عده بیشرف و اجیرشده خواستن پرچم یا حسین آتیش برنن قران وسط خیابون اتیش بزنن یا هرکاری کنن که احساسات قشر مذهبی رو برانگیخته کنن سریعا دفع کنیم نزاریم انجام بشه!!!نه به تکرارِ ۸۸ !!,choonkehghashange,249,https://telegram.me/choonkehghashange/13767,2026-01-07 21:48:08
1404-10-18 00:58:43,میدونم تکراریه اما حس میکنم تکرارش لازمه!پس :اگر از آسمان کیسه دلار پاشیدند، اگر وسط تهران کنسرت مجانی تیلور سویفت برگزار کردند، اگر شراب و آبجو به خانهها لولهکشی کردند، اگر بلیط دور دنیا برای کل ملت خریدند، اگر خالیباف و زنش لخت در خیابان سالسا رقصیدند، گول نمیخوریم!هدف ما پیاده روی برای سلامتی تن و روح...,choonkehghashange,247,https://telegram.me/choonkehghashange/13766,2026-01-07 21:28:43
1404-10-17 23:31:38,۴۰۱ بیهوده نبود، جانهایی که فدا شد بیهوده نبود، اگه اتفاق نمیوفتاد اگه به اون بنبستها نمیخوردیم شاید امروز بهجای خیابون داشتیم هشتگ ترند میکردیم و از هکرا میخواستیم نجاتمون بدن. تاوان سنگینی بود ولی فهمیدیم فقط خودمونیم و فقط خیابون!,choonkehghashange,233,https://telegram.me/choonkehghashange/13765,2026-01-07 20:01:38
1404-10-17 23:26:26,چقدر ۱۴۰۱ همهچی مبهم بود،و چقدر ۱۴۰۴ همهچی شفافه!,choonkehghashange,233,https://telegram.me/choonkehghashange/13764,2026-01-07 19:56:26
1404-10-17 23:25:20,ایران واسه معمولیا نیست !+رسماً نصف شهر رو به غنیمت بردن😂بنازم مردم چناران رو😍,choonkehghashange,208,https://telegram.me/choonkehghashange/13763,2026-01-07 19:55:20
1404-10-17 23:14:13,پیام شاهزاده توی اینستا توی یک روز حدود هفتاد میلیون ویو خورده!,choonkehghashange,216,https://telegram.me/choonkehghashange/13762,2026-01-07 19:44:13
1404-10-17 22:53:19,اگر از آسمان کیسه دلار پاشیدند، اگر وسط تهران کنسرت مجانی تیلور سویفت برگزار کردند، اگر شراب و آبجو به خانهها لولهکشی کردند، اگر بلیط دور دنیا برای کل ملت خریدند، اگر خالیباف و زنش لخت در خیابان سالسا رقصیدند، گول نمیخوریم!هدف ما پیاده روی برای سلامتی تن و روح...,choonkehghashange,283,https://telegram.me/choonkehghashange/13761,2026-01-07 19:23:19
1404-10-17 22:50:11,دیروز سالگرد سانچی بودامروز سالگرد اعدام محمد حسینی و محمد مهدی کرمیفردا سالگرد هواپیمای اوکراینیلعنت بهتون که جایجای این تقویم غم کاشتید!,choonkehghashange,237,https://telegram.me/choonkehghashange/13760,2026-01-07 19:20:11
1404-10-17 21:59:57,...,choonkehghashange,230,https://telegram.me/choonkehghashange/13759,2026-01-07 18:29:57
1404-10-17 21:59:43,...,choonkehghashange,223,https://telegram.me/choonkehghashange/13758,2026-01-07 18:29:43
1404-10-17 21:52:08,تنها چیزی که نمیشه خرید، شرفه.مدت زیادی در این تن نخواهیم ماند، باشرف باشیم!بمیرَم بِنامُ نَمانَم به نَنگ....,choonkehghashange,223,https://telegram.me/choonkehghashange/13757,2026-01-07 18:22:08
1404-10-17 21:50:33,انور سادات خطاب به ۵۷ ها : « اما تاریخ قضاوت خواهد کرد که چه کسی به ملتش خدمت کرد و چه کسی ملتش را به خاک سیاه نشاند.»,choonkehghashange,229,https://telegram.me/choonkehghashange/13756,2026-01-07 18:20:33
1404-10-17 21:50:04,نوشته : ما لرها از اول هم دُنگ گرفتن بلد نبودیمواسه همین بلند شدیم میز همه رو حساب کردیم!ای من به قربان شما❤️,choonkehghashange,206,https://telegram.me/choonkehghashange/13755,2026-01-07 18:20:04
1404-10-17 21:48:55,در بروجرد لرستان مامورای یگان ویژه دیدن جمعیت مردم معترض خیلی زیاده و کاری نمیتونن در مقابلشون بکنن دارن دست تکونمیدن برای مردم!,choonkehghashange,206,https://telegram.me/choonkehghashange/13754,2026-01-07 18:18:55
1404-10-17 21:47:04,,choonkehghashange,94,https://telegram.me/choonkehghashange/13753,2026-01-07 18:17:04
1404-10-17 21:40:51,یه مقاله خوندم امروز که تاکید داشت توی پیادهروی کردن استمرار خیلی مهمه!,choonkehghashange,99,https://telegram.me/choonkehghashange/13752,2026-01-07 18:10:51
1404-10-17 21:38:27,این زرشکیان احمق و بیشرف رو فحش ندید.اقداماتش رو که ببینیم متوجه میشیم که اونم واسه تغییر حکومت عجله داره!,choonkehghashange,91,https://telegram.me/choonkehghashange/13751,2026-01-07 18:08:27
1404-10-17 21:32:20,کی میگه گرونیه؟یه گاو رو با یک میلیون میشه خرید!,choonkehghashange,111,https://telegram.me/choonkehghashange/13750,2026-01-07 18:02:20
1404-10-17 21:28:43,شریف باشیم مثل ووریا❤️,choonkehghashange,130,https://telegram.me/choonkehghashange/13749,2026-01-07 17:58:43
1404-10-17 21:22:03,گوهردشتمهران آشخانه خراسان طبرسی مشهد سورشجان چهارمحال بختیاریفریمانخرمدره بندر کنگان الوند قزوین گیلانغرب اقبالیه (سلطان آباد) قزوین فیروزکوهارسنجان نوده زیباشهرِ قزوین شهسوار هلیلان وکوهچنار تربت جامبوشهرسرابله دهلرانفردیساسلامشهر و... هم به اعتراضات پیوستند!,choonkehghashange,126,https://telegram.me/choonkehghashange/13748,2026-01-07 17:52:03
1404-10-17 19:30:10,به #کشورتان همیشه وفادار باشید، اما به #حکومتتان، تا زمانی که لیاقتش را داشت...,choonkehghashange,212,https://telegram.me/choonkehghashange/13747,2026-01-07 16:00:10
1404-10-17 19:25:05,منم زینبِ همین دوره ام....,choonkehghashange,161,https://telegram.me/choonkehghashange/13746,2026-01-07 15:55:05
1404-10-17 19:22:53,آخوند در 3 روز بیشتر از 5000 نفر رو در کشور کشت صدا از چپ و اصلاح طلب پفیوز و بیناموس در نیومد، از دیروز سر چند تا کیسه برنج دارن خودشونو پاره میکنن!در هیچ کجای دنیا هیچکسی اندازه این قماش کثافت نبود!!,choonkehghashange,163,https://telegram.me/choonkehghashange/13745,2026-01-07 15:52:53
1404-10-17 19:21:14,هروقت خواستیم از اعتراضات دست بکشیم یادمون باشه آخوند به محض آروم شدن اوضاع کلی بیگناه رو اعدام میکنه.مثل کاری که با این بچه ها کرد!,choonkehghashange,105,https://telegram.me/choonkehghashange/13743,2026-01-07 15:51:14
1404-10-17 19:21:14,,choonkehghashange,104,https://telegram.me/choonkehghashange/13744,2026-01-07 15:51:14
1404-10-17 19:20:06,حتی یک نفر از بیشرفهایی که در جنگ ۱۲ روزه به دروغ گفتند اسرائیل به بیمارستانی در کرمانشاه حمله کرده، به حمله، شلیک مستقیم و پرتاب اشکآور به بیمارستان سینای تهران و خمینی ملکشاهی ایلام توسط جمهوری اسلامی واکنش نشون ندادند. حتی یک نفر!,choonkehghashange,105,https://telegram.me/choonkehghashange/13742,2026-01-07 15:50:06
1404-10-17 19:18:50,همون برنج کف خیابون رو دیدید؟همون رو فردا میریزن توی کیسه مثل سگ پرت میکنن جلوی عرزشی که براشون دُم تکون بده و پاچهی مردم رو بگیره.ذاتشون گدازادهست!,choonkehghashange,108,https://telegram.me/choonkehghashange/13741,2026-01-07 15:48:50
1404-10-17 19:12:29,نامهای متفاوتی دارند. گذارطلب، جمهوریخواه….ژنرالهایشان از آسمان به زمین نمیآیند.یک تریلی نمیتواند نامشان و کتابهای کتابخانهشان را جابجا کند.ضریبنفوذشان در جامعه اما به صفر میل میکند. حسابهای کاربریشان تار عنکبوت بسته و هرکس که اقبالی در میان مردم دارد را هوچیگر پوپولیست مینامند.کسی را در خیابان ندارند. آنها که به خیابان میآیند حتی نامشان را هم نشنیدهاند. اما یک لحظه از یاد ربودن قدرت، غافل نمیشوند.مردم را تودهای بیشکل میخواهند. خیابان را بیصدا میکنند تا بگویند نتیجهاش از آن کسی نیست.سقوط حکومت رویایشان را برباد میدهد. مردم را تنها چون اهرمی میخواهند برای معامله با حکومت مستقر.به انتظار نشستهاند تغاری بشکند و ماستی بریزد تا جهان به کام کاسهلیسان گردد.هیچ مسیری برای رسیدن به قدرت از طریق قیام مردم، برایشان مهیا نیست. صدای پادشاهیخواهی مردم را نفی میکنند تا آخرین گزینه برای روز معامله با حکومت باقی بمانند.چون کفتاری چشمانتظار ربودن شکار شیر نشستهاند.طنز ماجرا اینجاست که این جماعت، آنهایی که قرار است از دل خیابان صاحب حکومت شوند را فاشیست خطاب میکنند.چیزی اما فرق کرده در این روزها.مردم ایران، از روی تمامشان رد میشوند!!,choonkehghashange,114,https://telegram.me/choonkehghashange/13740,2026-01-07 15:42:29
1404-10-17 18:32:23,,choonkehghashange,132,https://telegram.me/choonkehghashange/13739,2026-01-07 15:02:23
1404-10-17 18:26:11,ابتکار عمل  تو شیراز قشنگمون طوریه که ملت تابلو تبلیغاتی رژیم رو آوردن پایین، هم راهو بستن هم باهاش مارش جنگی میزنن😍😂😍😂😍😂درود به تک تکتون❤️,choonkehghashange,132,https://telegram.me/choonkehghashange/13738,2026-01-07 14:56:11
1404-10-17 18:16:23,امروز چهارشنبه هفدهم دیماه خیزش دلاورمردان و شیرزنان تهران در:صالح آبادخیابون ملتبازار تهران خیابون حسام لشگرشاد آبادشمران نویافت آبادبازار حمام چالبازار آهنباغ سپهسالارگمرگ تهراناندیشه و ....,choonkehghashange,128,https://telegram.me/choonkehghashange/13737,2026-01-07 14:46:23
1404-10-17 18:14:12,شمالیا ایول👍,choonkehghashange,123,https://telegram.me/choonkehghashange/13736,2026-01-07 14:44:12
1404-10-17 18:08:35,,choonkehghashange,134,https://telegram.me/choonkehghashange/13735,2026-01-07 14:38:35
1404-10-17 18:08:17,دوستان این پست مرتباً به روز رسانی میشه,choonkehghashange,126,https://telegram.me/choonkehghashange/13734,2026-01-07 14:38:17
1404-10-17 17:44:12,طبق گزارش های فلایت رادار، فعالیت هوایی غیر معمولی میان تهران و مسکو در جریان است!!!!!,choonkehghashange,165,https://telegram.me/choonkehghashange/13733,2026-01-07 14:14:12
1404-10-17 17:43:55,رضایت مشتری عزیزمون از سامانه S300,choonkehghashange,98,https://telegram.me/choonkehghashange/13732,2026-01-07 14:13:55
1404-10-17 17:42:23,,choonkehghashange,88,https://telegram.me/choonkehghashange/13731,2026-01-07 14:12:23
1404-10-17 17:40:50,به دهک نیستبه شرفه!!,choonkehghashange,71,https://telegram.me/choonkehghashange/13730,2026-01-07 14:10:50
1404-10-17 17:39:00,کدوم پفیوزی این ایده رو داد که نفری یه میلیون بدن تا بشینیم سرجامون؟ من الان عصبانیتر هستم! باهام مثل فاحشه های ارزون رفتار شده!!تا خرخره ی صاحب ایده رو نَجواَم آروم نمیگیگیرم😂,choonkehghashange,90,https://telegram.me/choonkehghashange/13729,2026-01-07 14:09:00
1404-10-17 17:36:03,یکی از ویژگیهای این اعتراضات اینه که مردم معترض چهره خودشون رو نمیپوشند و سرکوبگران همه نقاب دارند!!!این یعنی امیدِ پیروزی در مردم و ترسِ شکست در این قرمساقا بیشتر شده!,choonkehghashange,88,https://telegram.me/choonkehghashange/13728,2026-01-07 14:06:03
1404-10-17 17:34:23,دوربینهای امنیتی، مانعی بر سر حضور پررنگ مردم در شهرهای بزرگاند.این دوربینها امکان تجزیه و تحلیل اعتراض مردم را برای حکومت فراهم میکنند و نحوه تخصیص نیروها بر اساس اطلاعات این دوربینها فراهم میشود.گذاشتن یک دستمال، در برابر لنز این دوربینها، کاملا منطبق بر اصول مبارزات بیخشونت است!,choonkehghashange,94,https://telegram.me/choonkehghashange/13727,2026-01-07 14:04:23
1404-10-17 17:31:00,آبادان هم به خیزش ملی پیوست😍با شعار:این آخرین نبرده، پهلوی برمیگرده!,choonkehghashange,91,https://telegram.me/choonkehghashange/13726,2026-01-07 14:01:00
1404-10-17 17:23:14,,choonkehghashange,91,https://telegram.me/choonkehghashange/13725,2026-01-07 13:53:14
1404-10-17 17:21:28,امروز تو گناباد حوزه جهلیه به آتش کشیده شده!,choonkehghashange,100,https://telegram.me/choonkehghashange/13724,2026-01-07 13:51:28
1404-10-17 16:29:53,گلچینی از ویدیوهای حضور پشم ریزون مردم شریف بجنورد در خیزش ملی❤️,choonkehghashange,122,https://telegram.me/choonkehghashange/13723,2026-01-07 12:59:53
1404-10-17 16:12:31,شهرهای بپاخاسته امروز در خیزش ملی یا اعتصابات سراسری تا این لحظه:بندرعباسشیرازنیشابوربجنوردقزوینلردگان چهارمحال بختیاریاصفهانسبزوارتبریزمشهدقیدار زنجانحصارک کرجقمرشتبابلسرارومیهکرماناصفهانملکشهر اصفهانشهرکردملکشاهی ایلاماهوازگنابادشادآبادکرمانشاه فساشاهرود و....,choonkehghashange,67,https://telegram.me/choonkehghashange/13722,2026-01-07 12:42:31
1404-10-17 16:08:20,شرافت❤️,choonkehghashange,71,https://telegram.me/choonkehghashange/13721,2026-01-07 12:38:20
1404-10-17 16:02:33,علی مطهری ولدزنا چند سال پیش گفت اگه دو کیسه برنج به ستار بهشتی میدادید، دیگه معترض نبود. مردم آبدانان همون جوابی رو به خامنهای، پزشکیان و کل پروژهی اصلاحات دادند که گوهر عشقی به مطهری بیشرف داد: کارگرها زحمتکش هستند و با دستان پینهبسته نان سر سفره میبرند نه مثل شما وطن فروشان با دزدی و گدایی!,choonkehghashange,80,https://telegram.me/choonkehghashange/13720,2026-01-07 12:32:33
1404-10-17 15:59:00,,choonkehghashange,81,https://telegram.me/choonkehghashange/13719,2026-01-07 12:29:00
1404-10-17 15:57:30,امروز ۱۷ دی لردگان مردم با دست خالی نیروهای تا دندان مسلح جنایتکار رو فراری دادن!,choonkehghashange,78,https://telegram.me/choonkehghashange/13718,2026-01-07 12:27:30
1404-10-17 15:55:03,قمدانشگاه آزاد,choonkehghashange,78,https://telegram.me/choonkehghashange/13717,2026-01-07 12:25:03
1404-10-17 15:50:51,یذره قشنگیجات انقلابی ببینیم کیف کنیم😍,choonkehghashange,82,https://telegram.me/choonkehghashange/13716,2026-01-07 12:20:51
1404-10-17 15:48:15,,choonkehghashange,85,https://telegram.me/choonkehghashange/13715,2026-01-07 12:18:15
1404-10-17 15:46:07,  شیراز یک کامیون برای سنگربندی مردم سنگ و خاک خالی میکنه❤️😍❤️,choonkehghashange,90,https://telegram.me/choonkehghashange/13714,2026-01-07 12:16:07
1404-10-17 15:45:09,زنجان، شهر قیدار مردم جلوی فرمانداری شعار میدن نه غزه نه لبنان، جانم فدای ایرانمرگ بر دیکتاتور!,choonkehghashange,86,https://telegram.me/choonkehghashange/13713,2026-01-07 12:15:09
1404-10-17 15:40:35,کارگران و کارمندان پالایشگاههای پارس جنوبی در حمایت از مردم به اعتصابات سراسری پیوستن😍,choonkehghashange,82,https://telegram.me/choonkehghashange/13712,2026-01-07 12:10:35
1404-10-17 15:36:25,بعد از ظهر چهارشنبه ۱۷ دی شیراز  استیصال نیروی سرکوب (سمت راست تصویر) به علت عدم وجود نیروی کافی جهت سرکوب مردم. براساس گزارشها، همزمان در چندین منطقه از شیراز مردم شریف و غیور شیراز  درحال تقابل مستقیم با ماموران هستند!,choonkehghashange,99,https://telegram.me/choonkehghashange/13711,2026-01-07 12:06:25
1404-10-17 15:35:06,مردم قزوین رو در روی نیروهای سرکوب یگان ویژه: نیروی انتظامی برگرد بسوی ملت!!,choonkehghashange,98,https://telegram.me/choonkehghashange/13710,2026-01-07 12:05:06
1404-10-17 15:31:34,گمرک تهران سمت پاساژ بهمن ، سیل جمعیت خروشان مردمی حضور دارن!,choonkehghashange,115,https://telegram.me/choonkehghashange/13709,2026-01-07 12:01:34
1404-10-17 00:44:05,سکوت در برابر بی عدالتی همدستی با آن است...ملت شریف ایرانعزیزانمآرزومندم همواره در پناه آرامش و سلامتی باشیدجاوید ایران زیبا🌷,choonkehghashange,185,https://telegram.me/choonkehghashange/13691,2026-01-06 21:14:05
1404-10-17 00:40:19,,choonkehghashange,190,https://telegram.me/choonkehghashange/13690,2026-01-06 21:10:19
1404-10-17 00:33:18,استوری عمو پورنگ!,choonkehghashange,206,https://telegram.me/choonkehghashange/13689,2026-01-06 21:03:18
1404-10-17 00:32:28,تهرانپارس هم اکنون,choonkehghashange,218,https://telegram.me/choonkehghashange/13688,2026-01-06 21:02:28
1404-10-17 00:28:48,خلق حماسه!نوشته : انگار فیلم سینمایی بود،مشهد دختری در حال فرار از دست مامورها فریاد میزد:جاویدشاه جاویدشاه جاوید شاه!,choonkehghashange,192,https://telegram.me/choonkehghashange/13687,2026-01-06 20:58:48
1404-10-17 00:28:39,سهشنبه شانزدهم دی طنینانداز شدن شعار ملی جاویدشاه در خیابان سعدی تهران❤️,choonkehghashange,197,https://telegram.me/choonkehghashange/13686,2026-01-06 20:58:39
1404-10-17 00:23:53,🔴 فراخوان شاهزاده رضا پهلوی تو فضای مجازی فقط تو یک ساعت ۸ میلیون ویو گرفته!,choonkehghashange,197,https://telegram.me/choonkehghashange/13685,2026-01-06 20:53:53
1404-10-17 00:21:09,شما نمیدونید اینایی که تو شهرستانهای کوچیک برای اعتراضات میرن بیرون چقد پر دل و جرئتند!,choonkehghashange,193,https://telegram.me/choonkehghashange/13684,2026-01-06 20:51:09
1404-10-17 00:17:32,نصب تابلویی با نام «ترامپ» در یک خیابان در تهران!,choonkehghashange,203,https://telegram.me/choonkehghashange/13683,2026-01-06 20:47:32
1404-10-16 22:27:09,🔴 شاهزاده اولین فراخوانش رو رسما اعلام کرد : من اولین فراخوان خود را امروز با شما در میان میگذارم و از شما دعوت میکنم که این پنجشنبه و جمعه ۱۸ و ۱۹ دیماه، همزمان سر ساعت ۸ شب، همگی چه در خیابانها یا حتی از منازل خودتان شروع به سردادن شعار بکنید. درنتیجه بازخورد این حرکت، من فراخوانهای بعدی را به شما اعلام خواهم کرد.,choonkehghashange,274,https://telegram.me/choonkehghashange/13682,2026-01-06 18:57:09
1404-10-16 22:23:22,,choonkehghashange,229,https://telegram.me/choonkehghashange/13681,2026-01-06 18:53:22
1404-10-16 22:10:25,حکومت فکر کرد با چند میلیون تومن میتونه سوار این ملت بشه! اما مردم فروشگاههای حکومت را ترکوندن بدون اینکه دونه ای برنج یا اقلام خوراکی را به خونه ببرن.این ملت نه برای حجاب و نه برای غذا اومدن، اومدن تا حکومت را سرنگون کنند!,choonkehghashange,238,https://telegram.me/choonkehghashange/13680,2026-01-06 18:40:25
1404-10-16 21:37:43,,choonkehghashange,242,https://telegram.me/choonkehghashange/13679,2026-01-06 18:07:43
1404-10-16 21:32:01,تو آبدانان ایلام، عدهای وارد فروشگاه افق کوروش (وابسته به نیروهای مسلح) شدن و به این صورت کیسههای برنج رو پاره و پخش زمین کردن!,choonkehghashange,238,https://telegram.me/choonkehghashange/13678,2026-01-06 18:02:01
1404-10-16 20:24:19,بعد از کامنت زهی خیال باطل که ایلان ماسک زیر پست علی خامنهای گذاشت،جمعی از حامیان همیشهدرصحنهی حکومت، در شاهکاری کمنظیر از جهل سازمانیافته، کمپین «Block & Report» علیه خودِ ایلان ماسک راه انداختند.بله، درست خواندید.از مالک پلتفرم X خواستهانداکانت خودش را ببندد!یعنی صاحبخانه را صدا کردهاند که:«لطفاً خودت را از خانهات بیرون کن.»منطق؟ صفر مطلق.سواد رسانهای؟ زیرِ صفر، در حد دمای نادانی.درک حداقلی از جهان مدرن؟ هیچ؛ حتی در حد توضیح کودکانه.اینجا دیگر اختلافنظر سیاسی مطرح نیست؛ما با بیسوادی عریان،حماقت بیپردهو نادانیِ افتخارآمیز طرفیم؛نادانیای که نهتنها خجالتآور نیست، بلکه با اعتمادبهنفس فریاد زده میشود.واقعاً باور میکنید همین جماعت، مدعی ادارهی یک کشور متمدن، کهن و باستانی مثل ایران هستند؟کشوری با هزاران سال تاریخ،اما گرفتار کسانی که هنوز فرق«صاحب پلتفرم» و «کاربر»را هم نمیدانند.همینقدر احمق،همینقدر نادان،و دقیقاً به همین اندازه خطرناک!,choonkehghashange,242,https://telegram.me/choonkehghashange/13677,2026-01-06 16:54:19
1404-10-16 20:20:33,آبدانان آزاد شد...همه ی مردم در آبدانان به خیابان ریختند!,choonkehghashange,196,https://telegram.me/choonkehghashange/13676,2026-01-06 16:50:33
1404-10-16 19:11:03,رقص آزادی رو تو خیابونا شروع کنیم....@choonkehghashange,choonkehghashange,183,https://telegram.me/choonkehghashange/13675,2026-01-06 15:41:03
1404-10-16 19:08:52,یه چیزایی در اعتراضات این ده روز تو ایران دیدیم که هر سری همه شگفتزدهتر شدیم!دخترا و پسرای خوشچهره و موجه و آدم حسابی که جنایتکاران اسلامی چشمشون رو کور کردن اما میگن فدای سر وطنم.  کسانی که اتفاقا مثل همین  هموطنمون خیلی چیزها برای از دست دادن دارن اما خودشون با تصویر خودشون تو صفحه شخصی چنین ویدیوی دلیرانهای میذارن! بعد از اونطرف اراذل و اوباش اینستایی با قیافههای مخوف و کج و کوله که همیشه فاز گولاخ میگیرن و دائم بقیه لاتها و گنگها رو تهدید میکنن، عین موش رفتن قایم شدن نکنه پلیس فتا بهشون زنگ بزنه که چرا دو کلمه از اعتراضات حمایت کردی.  تصویر مدال آورهای جنگ جهانی که نتیجه نبردها رو تغییر دادن و شجاعتهای عجیب و غریب کردن رو سرچ کنید میبینید همیشه همین بوده. قهرمانان جنگ و نبردها گوریلهای عضلانی و عبوس که برای ما ترسیم کردن نبودن! آدمهای معمولی و باهوش و حتی ریزه میزهای بودن که فنون جنگی رو بهتر فرا میگرفتن و اجرا میکردن. شجاعت و دلاوری بخشی از کاراکترشون بوده، نه فقط یک ویترین که بخوان باهاش دیگران رو مرعوب کنن.  وقتی واقعا آلفا باشی، دیگه نیازی به آلفانمایی نداری!,choonkehghashange,180,https://telegram.me/choonkehghashange/13674,2026-01-06 15:38:52
1404-10-16 18:53:58,شهرهایی که امشب نیز در خیزش ملی حضور دارند:تهرانشیرازملکشاهی ایلاممشهدشهرکردآبدانان ایلامیزدانشهر اصفهاناصفهان بروجردلپویی شیراز و ...خیابان نادری اهواز نیز ملتهب استچهارراه پارامونت و اطراف دانشگاه شیراز متشنج استوضعیت اطراف هفت حوض تهران برای قیام امشب آماده گزارش میشودفردیس کرج و شهریار نیروهای نظامی میچرخند و وضعیت به سمت تجمع کشیده میشودمردم اراک  قزوین و بندرعباس هم برای قیام شبانه فراخوان صادر کردند!,choonkehghashange,166,https://telegram.me/choonkehghashange/13673,2026-01-06 15:23:58
1404-10-16 18:49:47,ویدیویی منتسب به ملکشاهی که گویا معترضین یه بانک رو تسخیر کردن!,choonkehghashange,185,https://telegram.me/choonkehghashange/13672,2026-01-06 15:19:47
1404-10-16 18:47:12,دقایقی پیش مردم تو ملکشاهی ایلام، به صورت مسلح به خیابونها اومدن و با نیروهای امنیتی و سرکوب درگیر شدن.به گفته منابع محلی، چند تا از مامورا تواین درگیری کشته شدن!,choonkehghashange,183,https://telegram.me/choonkehghashange/13671,2026-01-06 15:17:12
1404-10-16 18:15:23,قلب آدم مچاله میشه از دیدن اینهمه بی رحمی و قساوت.....,choonkehghashange,179,https://telegram.me/choonkehghashange/13670,2026-01-06 14:45:23
1404-10-16 18:13:10,یه طرفدار روندوم پهلوی vs طرفدار ج ا,choonkehghashange,183,https://telegram.me/choonkehghashange/13669,2026-01-06 14:43:10
1404-10-16 18:09:07,امروز را به جرات میتوان شلوغترین و گستردهترین روز اعتراضها در ۱۰ روز اخیر دانست بویژه در تهران.جمعیت با وجود تهدیدها به طور چشمگیری زیاد شده !,choonkehghashange,178,https://telegram.me/choonkehghashange/13668,2026-01-06 14:39:07
1404-10-16 18:06:11,شاهزاده رضا پهلوی تو مطلبی که واشنگتنپست از اعتراضات منتشر کرده، گفته:ایران لبِ یه تغییر اساسی و بزرگه و مردم دارن برای پس گرفتن آیندهشون جونشون رو کف دستشون میذارن.شجاعت مردم فقط با «شفافیت، آمادگی و رهبریِ مسئولانه» به نتیجه میرسه؛ هم داخل ایران، هم بین اونایی که تو دنیا اثر گذارند.از حمایت دونالد ترامپ سپاسگزارم و  این یعنی که آمریکا کنار آزادیخواهاست نه کنار حکومتی که ترس و بیثباتی صادر میکنه.اینکه تو شعارهای مردم معترض اسم من کنار آزادی و وحدت ملی میاد اصلاً طلب قدرت نیست؛ یه بارِ سنگینه که افتاده رو دوشم.,choonkehghashange,146,https://telegram.me/choonkehghashange/13667,2026-01-06 14:36:11
1404-10-16 17:08:00,در تاریخ ایران بنویسید:فقرا، فقرا را کتک میزدند تا ثروتمندان در قصرهایشان حکمرانی کنند!,choonkehghashange,204,https://telegram.me/choonkehghashange/13666,2026-01-06 13:38:00
1404-10-16 16:50:51,اگه تو اعتراضات شرکت کنیم احتمال اینکه دستگیر بشیم، باتوم بخوریم، یا به سمتمون شلیک بشه وجود داره ولی به نسبت جمعیت احتمالش میتونه خیلی پایین باشه. اما اینکه دو ماه دیگه نتونیم اجاره بدیم، گرسنه بمونیم، دارو پیدا نکنیم دیگه احتمالات نیست، کاملا واضح و واقعیه!,choonkehghashange,158,https://telegram.me/choonkehghashange/13665,2026-01-06 13:20:51
1404-10-16 16:42:15,یگان ویژه امروز در بازار یک جوان را سپر انسانی قرار داد!!!برگ  زرین جدیدی از جنایت سربازان رژیم!,choonkehghashange,191,https://telegram.me/choonkehghashange/13664,2026-01-06 13:12:15
1404-10-16 16:37:03,در این ویدیو بازار تهران مثل صحنه جنگ شده. نیروهای سرکوبگر به سوی عترضان گاز اشکآور پرت کردند و معترضان به هر سو میروند. اما در این میان شهامت یک زن ستودنی است. گاز اشک آور را برمیدارد و به سمت نیروهای سرکوبگر پرتاب میکند که با تشویق مردم مواجه میشود❤️,choonkehghashange,173,https://telegram.me/choonkehghashange/13663,2026-01-06 13:07:03
1404-10-16 16:25:09,تهران!,choonkehghashange,150,https://telegram.me/choonkehghashange/13662,2026-01-06 12:55:09
1404-10-16 16:21:35,نیروهای سرکوب گاز اشکآور به داخل بیمارستان سینا تهران، میدون حسنآباد شلیک کردند! 😐,choonkehghashange,154,https://telegram.me/choonkehghashange/13661,2026-01-06 12:51:35
1404-10-16 16:17:37,عقب نشینی گارد ویژه و تسخیر خیابانهای محدودهی هفت تیر به دست مردم دلاور تهران❤️,choonkehghashange,168,https://telegram.me/choonkehghashange/13660,2026-01-06 12:47:37
1404-10-16 16:13:59,,choonkehghashange,140,https://telegram.me/choonkehghashange/13659,2026-01-06 12:43:59
1404-10-16 16:09:20,خیابان لبافی و جمهوری تهران تجمع شکل گرفته!,choonkehghashange,143,https://telegram.me/choonkehghashange/13658,2026-01-06 12:39:20
1404-10-16 16:08:56,🔴فوریعقب نشینی گارد ویژه و تسخیر خیابانهای محدودهی هفت تیر به دست مردم!,choonkehghashange,154,https://telegram.me/choonkehghashange/13657,2026-01-06 12:38:56
1404-10-16 16:08:27,هم اکنون معترضان در متروی بهارستان تهران شعار «مرگ بر دیکتاتور» سردادند!,choonkehghashange,154,https://telegram.me/choonkehghashange/13656,2026-01-06 12:38:27
1404-10-16 16:07:41,قیام در بازار مبل یافت آباد!,choonkehghashange,92,https://telegram.me/choonkehghashange/13655,2026-01-06 12:37:41
1404-10-16 16:06:57,همین الان ترافیک اطراف بازار تهران شدید شده و همه جا قفل شده.مردم شریف تهران ملحق شدن❤️در ۱۵ نقطه تهران اطراف بازار تهران بزرگ تجمعات پراکنده ایجاد شده!سهشنبه ۱۶ دی,choonkehghashange,95,https://telegram.me/choonkehghashange/13654,2026-01-06 12:36:57
1404-10-16 16:03:17,تهران در آستانهی رسیدن به وضعیت خارج از کنترل میباشد!به علت گستردگی شهر و تعداد ناکافی نیروی حاضر در تهران، حکومت قادر به سرکوب همزمان در چند منطقه نیست.پیاده روی برای سلامتی عالیه!,choonkehghashange,103,https://telegram.me/choonkehghashange/13653,2026-01-06 12:33:17
1404-10-16 15:55:48,عزیزانمچون خیلی حساسید که آمریکا دست به منابع ایران نزنه میگم:میدونستید چین ۹۰ تا ۱۰۰٪ نفت ایران رو میخره با تخفیف تا ۳۰٪ که سالیانه میلیاردها دلار براش سود داره!در عوض ما یه گوشی موبایل یا یه ماشین بیکیفیت چینی رو باچند برابر قیمت میخریم و این توییت رو با فیلترشکن میبینیم؟!,choonkehghashange,104,https://telegram.me/choonkehghashange/13652,2026-01-06 12:25:48
1404-10-16 15:52:58,یارانه غیر قابل برداشتِ 7 دلاری دیروز  امروز تبدیل شد به 5 دلار!ومن الله توفیق....بازم میخواییم سکوت کنیم؟!!!,choonkehghashange,103,https://telegram.me/choonkehghashange/13651,2026-01-06 12:22:58
1404-10-16 15:51:13,بچه های اصفهان شب گذشته 15 دی ماه به زیبایی نیروی سرکوب را ادب کردند!❤️,choonkehghashange,98,https://telegram.me/choonkehghashange/13650,2026-01-06 12:21:13
1404-10-16 15:37:01,,choonkehghashange,107,https://telegram.me/choonkehghashange/13649,2026-01-06 12:07:01
1404-10-16 15:28:50,اتاق فکر رژیم شروع به ایجاد پروژه جدیدی جهت حواس پرتی ملت ایران از مشکلات اصلی کرده ! این حواس پرتی که قبلا در قالب جنگ و ایجاد تفرقه بین اقوام ایرانی بخصوص ترک و کرد بود حالا در شعار هایی کاملا مشکوک و سازمان یافته خود را نشان میدهد!ما تمام ملت ایران برای تمام خاک ایران میجنگیم.... هوشیار باشیم و فریب نقشه های دشمن رو نخوریم!,choonkehghashange,156,https://telegram.me/choonkehghashange/13648,2026-01-06 11:58:50
1404-10-16 15:12:39,سیل جمعیت در توپخانه تهرانبا طنین «رضاشاه روحت شاد»!,choonkehghashange,103,https://telegram.me/choonkehghashange/13646,2026-01-06 11:42:39
1404-10-16 15:10:20,امروز سهشنبه، ۱۶ دی اعتراضات گسترده در قلب تهران درحال گسترش لحظه به لحظه است.هماکنون اعتراضات در مناطق زیر جریان دارد:سه راه آذری، مولوی، سعدی جنوبی، پل حافظ، باغ سپهسالار، پامنار، لالهزار، انقلاب (چهارراه امیر اکرم)، امین حضور، متروی ۱۵ خرداد، بازار بزرگ، پاساژ پلاسکو، پاساژ علاالدین، پاساژ چارسو و …,choonkehghashange,86,https://telegram.me/choonkehghashange/13645,2026-01-06 11:40:20
1404-10-16 15:02:19,اینم گاز اشک آور شلیک شده در بازار تهران حمام چال ساخت چین!حکومت بیشرف نفت ما را میده به چین بجاش ابزار سرکوب برای خودمون میگیره!,choonkehghashange,121,https://telegram.me/choonkehghashange/13643,2026-01-06 11:32:19
1404-10-16 14:51:45,پایگاه موشکی امام علی توی خرم آباد دچار انفجار شدید شده!,choonkehghashange,117,https://telegram.me/choonkehghashange/13640,2026-01-06 11:21:45
1404-10-16 14:47:42,همه در بازار تهران شعار آزادی آزادی سر میدهند!بازار تهران همه در اعتصاب و بازاریان در حال حرکت به سمت خیابان❤️,choonkehghashange,129,https://telegram.me/choonkehghashange/13639,2026-01-06 11:17:42
1404-10-16 14:43:09,خیابون ولیعصر تهران سر بزرگمهر تجمع داره شکل میگیره❤️,choonkehghashange,24,https://telegram.me/choonkehghashange/13638,2026-01-06 11:13:09
1404-10-16 14:41:30,خیابان قزوین تهرانمردم در حال حرکت و خیزش ملی❤️,choonkehghashange,35,https://telegram.me/choonkehghashange/13637,2026-01-06 11:11:30
1404-10-16 14:40:04,سعدی جنوبیتهران هم اکنون❤️,choonkehghashange,40,https://telegram.me/choonkehghashange/13636,2026-01-06 11:10:04
1404-10-16 14:39:51,امین حضورتهران هم اکنون❤️,choonkehghashange,40,https://telegram.me/choonkehghashange/13635,2026-01-06 11:09:51
1404-10-16 14:38:23,نزدیک پل حافظ هم اکنون❤️,choonkehghashange,42,https://telegram.me/choonkehghashange/13634,2026-01-06 11:08:23
1404-10-16 14:37:42,کوچه برلن تهران همین الان ❤️,choonkehghashange,43,https://telegram.me/choonkehghashange/13633,2026-01-06 11:07:42
1404-10-16 14:36:40,سپهسالار تهران، مردم نیروهای سرکوب رو فراری دادن ❤️,choonkehghashange,44,https://telegram.me/choonkehghashange/13632,2026-01-06 11:06:40
1404-10-16 14:36:07,حمام چالتهران❤️,choonkehghashange,45,https://telegram.me/choonkehghashange/13631,2026-01-06 11:06:07
1404-10-16 14:35:42,پایتخت رسما تظاهراته❤️,choonkehghashange,44,https://telegram.me/choonkehghashange/13630,2026-01-06 11:05:42
1404-10-16 14:34:57,,choonkehghashange,43,https://telegram.me/choonkehghashange/13629,2026-01-06 11:04:57
1404-10-16 14:31:58,امروز در ایستگاه مترو ۱۵ خرداد، نیروهای امنیتی اقدام به شلیک گاز اشکآور داخل مترو کردند.این حمله در حالی صورت گرفت که بسیاری از کودکان در ایستگاه حضور داشتند!,choonkehghashange,38,https://telegram.me/choonkehghashange/13628,2026-01-06 11:01:58
1404-10-16 14:29:34,خروش مردم تهرانهم اکنون بازار بزرگ!,choonkehghashange,48,https://telegram.me/choonkehghashange/13627,2026-01-06 10:59:34
1404-10-16 14:29:24,لالزار تهرانگویا مردم دارن آتش بازی راه میندازن...سه شنبه ۱۶دیماه,choonkehghashange,50,https://telegram.me/choonkehghashange/13626,2026-01-06 10:59:24
1404-10-16 14:25:14,هم اکنون:  بازار تهرانمردم برای مقابله با گاز اشک آور آتش روشن کرده اند!۱۶ دی ماه,choonkehghashange,64,https://telegram.me/choonkehghashange/13625,2026-01-06 10:55:14
1404-10-16 14:23:55,آمریکا، حمله پلیس به بیمارستانی در ایلام رو جنایت و نقض حقوق بشر خواند!,choonkehghashange,61,https://telegram.me/choonkehghashange/13624,2026-01-06 10:53:55
1404-10-16 14:23:19,گرون باشیم، صدای پول خرد ندیم!لیاقت مردم ما گدایی نیست.ما ایرانی هستیم، وارث یکی از کهنترین تمدن های بشریت...,choonkehghashange,61,https://telegram.me/choonkehghashange/13623,2026-01-06 10:53:19
1404-10-16 14:22:33,بازار تهران قفل شد!اعتصاب کامل بازاریان دقایقی پیش!ویدیوهای تازه نشان میدهد بازاریان تهران امروز بهطور کامل دست از کار کشیدهاند؛ ضربهای سنگین به پیکر اقتصاد فرسودهای که زیر سایه جمهوری اسلامی نفس میکشد و نشانهای روشن از گسترش خیزش ملی در قلب پایتخت است.ظهر سهشنبه، ۱۶ دی؛ اعتراضات و اعتصابات گسترده در بازار تهران,choonkehghashange,63,https://telegram.me/choonkehghashange/13622,2026-01-06 10:52:33
1404-10-16 14:21:11,مردم تهران به سرعت در حال ملحق شدن به بازار هستند!,choonkehghashange,67,https://telegram.me/choonkehghashange/13621,2026-01-06 10:51:11
1404-10-16 13:42:20,بازار تهران  ۱۶ دی ۱۴۰۴مردم برای حمایت از بازار به خیابانها آمدند؛ درود به غیرت شما!امروز یکی از شلوغترین روزهای بازار تهران در تجمعات چند روز اخیر ثبت شد!!,choonkehghashange,107,https://telegram.me/choonkehghashange/13620,2026-01-06 10:12:20
1404-10-16 13:42:02,هم اکنون بازار تهرانسرای ملی!,choonkehghashange,106,https://telegram.me/choonkehghashange/13619,2026-01-06 10:12:02
1404-10-16 13:38:19,اگر این تصویر مال جرج فلوید آمریکایی هرزه بود الان تمام شبکه های صداوسیمای مفت خور در تمام بخش های خبری پوشش می دادن و کارشناسان بیشرفی مانند #فواد_ایزدی پدر مجهول ، #یاسر_جبراییلی زنازاده و #رائفی_پور ولدزنا به تفسیر ابعاد مختلف آن می پرداختن!!!!اما الان همشون خفهخون گرفتن چون پولِ چیزدادنشون از جای دیگه میاد...,choonkehghashange,112,https://telegram.me/choonkehghashange/13618,2026-01-06 10:08:19
1404-10-16 12:24:54,تجزیه ایران غیرممکنه!+ هر حرومی که میگه کشور پساز سقوط جمهوریاسلامی تجزیه میشه، مزدور حکومته!پس هوشیار باشیم و گول این حرفا رو نخوریم!,choonkehghashange,153,https://telegram.me/choonkehghashange/13617,2026-01-06 08:54:54
1404-10-16 12:19:41,علی خامنهای، دی ۶۸:رومانی را دیدید؛ چقدر پول و اسلحه برای رنگ و روغن زدن به نظامش خرج شده بود. نظم آهنین چنان بود که خودشان تصور نمیکردند روزی فرو بریزد، و ریختچائوشسکو لجاجت کرد، مردم عقبنشینی نکردنددیکتاتورهایی که با زور و اختناق علیرغم میل مردم حکومت میکنند عبرت بگیرند!!,choonkehghashange,125,https://telegram.me/choonkehghashange/13616,2026-01-06 08:49:41
1404-10-16 12:18:19,بریم خداروشکر کنیم که آمریکا نذاشت این پفیوزای دوزاری بمب اتم بسازن، وگرنه الان میزدن تو ایلام!,choonkehghashange,114,https://telegram.me/choonkehghashange/13615,2026-01-06 08:48:19
1404-10-16 12:16:11,پفیوزای دوزاری هنوز کالابرگ ندادن، ۳۰ درصد قیمتا رو افزایش دادنپول کالابرگ رو زودتر از خودمون میگیرن که بعدش لطف کنن مثل یه تیکه استخون پرت کنن جلومون !,choonkehghashange,115,https://telegram.me/choonkehghashange/13614,2026-01-06 08:46:11
1404-10-16 12:12:56,یعنی سال آینده که بازم راهی کربلا میشید تا برای تنهایی حسین عزاداری کنید حین عبور از ایلام با دیدن چشمهای مردم آنجا شرم نخواهید کرد؟مردمانی بسیار تنها و ستم دیده که با دستانِ خالی به رگبار بسته شدند....,choonkehghashange,91,https://telegram.me/choonkehghashange/13613,2026-01-06 08:42:56
1404-10-16 12:09:17,پس بگو چرا دیگه از تی وی رابین هود پخش نکردن!!!,choonkehghashange,71,https://telegram.me/choonkehghashange/13612,2026-01-06 08:39:17
1404-10-16 12:04:52,هر چقدر هم سعی کنند جلوی اعتراضات با هر میزان خشونت را بگیرند ، گرانی بسیار شدیدی در راه است و  باز اعتراضات شروع میشه!بقای مردم در برابر بقای حکومت قرار گرفته!,choonkehghashange,80,https://telegram.me/choonkehghashange/13611,2026-01-06 08:34:52
1404-10-16 12:03:05,,choonkehghashange,77,https://telegram.me/choonkehghashange/13610,2026-01-06 08:33:05
1404-10-16 01:17:12,"تنها حکومتی در جهان هستیم که هم مدعی هستیم ""دشمن هیچ غلطی نمیتواند بکند""،  هم مدعی هستیم که ""همهٔ مشکلات کار دشمن است""!استفاده از این دو گزینه اونم همزمان ، بستگی به شرایط و فهم و شعور مردم دارد!",choonkehghashange,190,https://telegram.me/choonkehghashange/13609,2026-01-05 21:47:12
1404-10-15 23:26:23,کور بشن چشمهایی که روی کشورای غریبه بودن ولی رو کشور خودشون نه!,choonkehghashange,234,https://telegram.me/choonkehghashange/13608,2026-01-05 19:56:23
1404-10-15 23:20:30,خروش مردم تهران درتهرانسرنارمکدولت آباددردشتسپهسالارنازی آبادهفت حوض و....,choonkehghashange,222,https://telegram.me/choonkehghashange/13607,2026-01-05 19:50:30
1404-10-15 23:20:06,,choonkehghashange,215,https://telegram.me/choonkehghashange/13606,2026-01-05 19:50:06
1404-10-15 23:19:16,,choonkehghashange,212,https://telegram.me/choonkehghashange/13605,2026-01-05 19:49:16
1404-10-15 23:17:07,پمپ بنزین دولت آباد تهران آتش زده شد!!!,choonkehghashange,193,https://telegram.me/choonkehghashange/13604,2026-01-05 19:47:07
1404-10-15 23:08:55,پانزدهم دیماه ۱۴۰۴ اعتراضات شبانه مردم غیور ایران درفردیس کرجنورآباد دلفانسُنقر از کرمانشاهیاسوجکوشک خمینی شهر اصفهانبهبهانساریدانشگاه شیرازسقز کرمانشاهقهدریجاننورآباد ممسنی فارسشهریارمشکان فارسشاه آباد اسلام آباد غربدانشگاه بیرجندقزوینمشهدبمپور سیستان بلوچستانشهرقدساراک و ...,choonkehghashange,216,https://telegram.me/choonkehghashange/13603,2026-01-05 19:38:55
1404-10-15 23:06:38,فوریدر پی کشته شدن یک جوان دیگر در ایلام مردم ایلام به خیابان آمدند و نزدیک بیمارستان خمینی تظاهرات شروع شده!,choonkehghashange,206,https://telegram.me/choonkehghashange/13602,2026-01-05 19:36:38
1404-10-15 23:04:07,شاهزاده رضا پهلوی : کاری که با مردم ملکشاهی کردن؛ تیر زدن به مردم، کشتن جوونا و بعدشم حمله به بیمارستان ایلام،  یه جنایت واضحه و منو یاد جمعهی خونین زاهدان میندازه؛رژیمی که به مردم بیسلاح شلیک میکنه و حتی به بیمارستان هم حمله میکنه، هیچ مشروعیتی نداره و رفتنیه.من با مردم شریف ملکشاهی و ایلام همدردم و مطمئن باشید سران فاسد جمهوری اسلامی بابت این جنایتها بالاخره تاوان پس میدن!,choonkehghashange,207,https://telegram.me/choonkehghashange/13601,2026-01-05 19:34:07
1404-10-15 22:16:43,تصمیم حکومت برای واریز یارانه یک میلیون تومانی در ماه برای هر فرد، آخرین تلاش حکومت است برای فرار از خشم فراگیر جامعه و ساکت کردن اعتراضات سراسری. از سوی دیگر نشان میدهد آقایان هنوز فکر میکنند این اعتراضات صرفاً معیشتی است. باید به آنها گفت: آن سبو بشکست و آن پیمانه ریخت!,choonkehghashange,215,https://telegram.me/choonkehghashange/13600,2026-01-05 18:46:43
1404-10-15 20:22:35,,choonkehghashange,229,https://telegram.me/choonkehghashange/13599,2026-01-05 16:52:35
1404-10-15 20:20:54,🛑 الگوی مبارزاتی خرم آبادیها 🛑خط اول رو نگاه کنید، لیدرهای شجاعخط دوم جوانان و نوجوانان شیر دلسپس حمله همه جانبه بدون ترسو همگی به تنها سلاحشون یعنی سنگ مجهز هستنبه خوبی از قاتلان شناخت دارن به همین  خاطر کوچکترین رحمی نمیکنندکسی بیتفاوت نیست، حتی فیلمبردار هم درخط مقدم است.در کمتر از یک دقیقه خیابونو گرفتن و نیروهای حکومتی فرار کردن!,choonkehghashange,226,https://telegram.me/choonkehghashange/13598,2026-01-05 16:50:54
1404-10-15 20:17:23,گزارشاتی از درگیری شدید در «نارمک» تهران!وضعیت تهرانسر امنیتی گزارش میشود!سمنان میدان امام رضا و مشاهیر بصورت پراکنده تظاهراته!,choonkehghashange,221,https://telegram.me/choonkehghashange/13597,2026-01-05 16:47:23
1404-10-15 20:15:34,فقط امضای ترامپ!,choonkehghashange,220,https://telegram.me/choonkehghashange/13596,2026-01-05 16:45:34
1404-10-15 19:48:56,,choonkehghashange,288,https://telegram.me/choonkehghashange/13595,2026-01-05 16:18:56
1404-10-15 19:48:25,"سناتور گراهام و ترامپ با کلاهِ ""ایران را دوباره بزرگ کن""!",choonkehghashange,149,https://telegram.me/choonkehghashange/13594,2026-01-05 16:18:25
1404-10-15 19:47:59,یادتونه آبان ۹۸ در دوران روحانی حروم لقمه و هزارپدر مردم رو به رگبار بستند که بنزین ۵۰۰ تومنی به ونزوئلا صادر کنند؟,choonkehghashange,152,https://telegram.me/choonkehghashange/13593,2026-01-05 16:17:59
1404-10-15 19:44:18,میگویند از عادتهای عربها در دوران جاهلیت این بود که وقتی تعداد اسبهایشان زیاد میشد و در تشخیصشان دچار سردرگمی میشدند و دیگر نمیتوانستند اسب اصیل را از دورگه تشخیص دهند، همه اسبها را در یکجا جمع میکردند.مدتی به آنها آب و غذا نمیدادند و سخت میزدندشان. سپس آب و غذا را پیششان میآوردند. در این هنگام اسبها به دو گروه تقسیم میشدند: گروهی که از شدت گرسنگی بهسوی آب و غذا میدویدند، بیتفاوت به آنچه بر سرشان آمده بود؛ و گروهی که از غذا خوردن از دستی که آنها را زده و تحقیر کرده بود، سر باز میزدند.به این روش، اسبهای اصیل را از اسبهای دورگه تشخیص میدادند!چیزی که ما را به تفکر وا میدارد این است که چه بسیارند دورگهها در جامعه ما؛ چه در اسبها و چه در اسبسواران. اما چگونه میتوان سیاستمدار دورگه را از اصیل بازشناخت و شهروند برده را از شهروند آزاد؟اگه تا الان برده بودی، از الان دیگه نباش!,choonkehghashange,167,https://telegram.me/choonkehghashange/13592,2026-01-05 16:14:18
1404-10-15 19:41:19,۱۲روز اسرائیل تمام مراکز و ساختمانهای مهم رو زد، نهایت کار بسیج ، گشت ایست بازرسی بود!!توی ملکشاهی مردم یه ساختمون بسیج رو گرفتن ، گرفتنشون به رگبار...خو بیناموسا ، مگه چی توی اون ساختمون داشتین ؟؟,choonkehghashange,148,https://telegram.me/choonkehghashange/13591,2026-01-05 16:11:19
1404-10-15 19:40:16,به بیمارستان ایلام حمله کردند چون تیرهای دوشکا در بدن مجروحان مانده؛ تیرها را میخواهند که کسی نفهمد دوباره نیزار ماهشهری را ساختهاند!!!!!!!!,choonkehghashange,149,https://telegram.me/choonkehghashange/13590,2026-01-05 16:10:16
1404-10-15 18:40:24,پیامک کالابرگ اومدههرچی پیرمرد پیرزنه ریخته تو هایپرمارکت ها ،اینا درحالیست که این باج دهی تازه از شنبه فعال میشه !به جاش ارز روغن و گوشت و مرغ و ... به نرخ آزاد حساب میشه ها و کلفت پس گرفته میشه!ولی کلا این نسل فسیل ۵۷ ای ،ول نکن ترین ول نکن ها هستن!,choonkehghashange,229,https://telegram.me/choonkehghashange/13589,2026-01-05 15:10:24
1404-10-15 18:34:01,اینقدر که جمهوری اسلامی این چند روز از مردم معترض کشته، توی جنگ ۱۲ روزه از اسرائیل نکشت. پفیوزا فقط زورشون به مردم بیسلاح خودی میرسه!,choonkehghashange,209,https://telegram.me/choonkehghashange/13588,2026-01-05 15:04:01
1404-10-15 18:31:56,چطور حمله به بیمارستان اونورِ دنیا شد جنایت علیه بشریت ولی تو ایلام شد برخورد با اراذل؟ این حجم از وقاحت رو چطوری تو وجودتون جا دادید؟,choonkehghashange,185,https://telegram.me/choonkehghashange/13587,2026-01-05 15:01:56
1404-10-15 17:57:22,اعتراضات مردم تهران دربازار آهنگرانظهیرالسلامسپهسالارمولویچراغ برق و...امشب پانزدهم دیماه,choonkehghashange,182,https://telegram.me/choonkehghashange/13586,2026-01-05 14:27:22
1404-10-15 17:47:37,الحدث: ایران برای خاموشی اعتراضات، یارانه ۷ دلاری را برای شهروندان بصورت موقتا تصویب کرد!بخاطر این بیشرفای دوزاری پنجاه سالِ شدیم مسخره عام و خاص!,choonkehghashange,164,https://telegram.me/choonkehghashange/13585,2026-01-05 14:17:37
1404-10-15 17:37:54,,choonkehghashange,94,https://telegram.me/choonkehghashange/13584,2026-01-05 14:07:54
1404-10-15 17:12:10,فقط برای ۱۲ دقیقه فرض کنید بیمارستان خمینی ایلام، یکی از بیمارستانهای غزه و مردم ملکشاهی نیر اهالی فلسطین هستند! زیاده عرضی نیست!,choonkehghashange,114,https://telegram.me/choonkehghashange/13583,2026-01-05 13:42:10
1404-10-15 16:56:14,,choonkehghashange,142,https://telegram.me/choonkehghashange/13581,2026-01-05 13:26:14
1404-10-15 16:56:14,هرموقع اعتراضاتی شکل میگیره خبر فرار مقامات رژیم رو پخش میکنن تا اعتراضاتو به حاشیه بکشن!❤️آهای ملت فریب نخوریم❤️تا پیروزی نهایی دست از مبارزه نمیکشیم!,choonkehghashange,142,https://telegram.me/choonkehghashange/13582,2026-01-05 13:26:14
1404-10-15 16:41:12,به دنبال خشم شدید مردم از جنایت شب گذشته، تجهیزات داخلی بانک سپه ایلام از جمله کامپیوترها و خودپردازها تخریب و شیشههای بانک شکسته شد!!,choonkehghashange,130,https://telegram.me/choonkehghashange/13580,2026-01-05 13:11:12
1404-10-15 16:39:40,ایران تنها کشوریه که اگه برگرده به ۶۰ سال قبل انگار ۲۰۰ سال رفته جلو!,choonkehghashange,134,https://telegram.me/choonkehghashange/13579,2026-01-05 13:09:40
1404-10-15 16:31:40,دزدیدن زخمی ها از بیمارستان ایلام و زدنِ گاز اشک آور توی بیمارستان ، حتی واسه پفیوزترین دیکتاتورم قفل بود!!حالا خطاب به اونایی که میگن اگه اینا برن کی بجاشون بیاد، باید بگم، فقط خفه شو!,choonkehghashange,127,https://telegram.me/choonkehghashange/13578,2026-01-05 13:01:40
1404-10-15 16:26:45,جمهوری اسلامی به بیمارستان حمله کرده تا اونایی که تو خیابون نتونست بکشه رو تو بیمارستان بکشه! وطن پرست ۱۲ روزه که برای بیمارستانای غزه ناله میکردی امیدوارم به سرنوشتی دچار شی که آرزوی مرگ کنی ولی هرگز نمیری!!!!,choonkehghashange,144,https://telegram.me/choonkehghashange/13577,2026-01-05 12:56:45
1404-10-15 16:25:46,تو ویدیوی حمله وحوش مسلمان به مردم ایلام میبینیم که مردم میرن به اونکه تیر خورده کمک کنن، به اونایی که میان کمک کنن هم تیر میزنن...باورم نمیشه موجودی پستتر از اینا وجود داشته باشه!,choonkehghashange,147,https://telegram.me/choonkehghashange/13576,2026-01-05 12:55:46
1404-10-15 16:23:48,اونایی که برای دستگیری مادورو یهویی حامی حقوق بشر  شدن، برای حمله پلیس به بیمارستان خمینی ایلام چرا لال شدن!؟؟؟,choonkehghashange,139,https://telegram.me/choonkehghashange/13575,2026-01-05 12:53:48
1404-10-15 16:22:53,جمهوری اسلامی حکومتی است که نفت ایران را ٣٠٪ زیر قیمت جهانی به چین میفروشد اما اصرار دارد بنزین را به مردم ایران به قیمت جهانی بفروشد!,choonkehghashange,76,https://telegram.me/choonkehghashange/13574,2026-01-05 12:52:53
1404-10-15 16:21:53,باورتون میشه که ماموران سرکوب در ایلام به سمت بیمارستان گاز اشکآور شلیک کرده باشن؟ببینید چقدر پست و بیشرف و حقیرن این قماش!,choonkehghashange,75,https://telegram.me/choonkehghashange/13573,2026-01-05 12:51:53
1404-10-15 16:19:59,تا دیروز مینالیدن حقوق کارمندا رو نداریم بدیم، الان یهو پولدار شدن! ۴میلیون سبد کالا، ۱میلیون یارانه، ۴۰درصد افزایش حقوق، سود سهام عدالت رو هم میخوان بدن. خر خودتونید نه مردم ایران!,choonkehghashange,76,https://telegram.me/choonkehghashange/13572,2026-01-05 12:49:59
1404-10-15 16:19:14,,choonkehghashange,74,https://telegram.me/choonkehghashange/13571,2026-01-05 12:49:14
1404-10-15 16:18:55,🛑 الگوی مبارزاتی خرم آبادیها 🛑خط اول رو نگاه کنید، لیدرهای شجاعخط دوم جوانان و نوجوانان شیر دلسپس حمله همه جانبه بدون ترسو همگی به تنها سلاحشون یعنی سنگ مجهز هستنبه خوبی از قاتلان شناخت دارن به همین  خاطر کوچکترین رحمی نمیکنندکسی بیتفاوت نیست، حتی فیلمبردار هم درخط مقدم است.در کمتر از یک دقیقه خیابونو گرفتن و نیروهای جمهوری اسلامی فرار کردن!,choonkehghashange,76,https://telegram.me/choonkehghashange/13570,2026-01-05 12:48:55
1404-10-15 16:11:54,شجاعت در برابر مردم ایلام زانو میزند❤️صحنه ای که این غیور مرد هموطن ما دیشب در برابر اشغالگران شیعه رقم زد!,choonkehghashange,94,https://telegram.me/choonkehghashange/13569,2026-01-05 12:41:54
1404-10-15 15:57:08,"هشدار! از صبح امروز کمپین ""علی خامنه ای رهبر من نیست"" توسط جریان نزدیک به حسن روحانی شروع شده و همزمان صدها چهرهی اصلاحطلب به همراه هزاران حساب کاربری مشکوک درحال استوری و توییتِ شعار این کمپین هستند.در قدم نخست، هدف از این کمپین انحراف و جعل صدای مردم در رسانههای بینالمللی است تا بگویند: “مشکل مردم ایران با تمامیّت جمهوری اسلامی نیست و صرفاً مشکل با علی خامنهای و بخشی از ساختار نظام است”در قدم بعد، قصد دارند یک گزینه را به عنوان برگ آخر در صورت سقوط حاکمیت حفظ کنند تا از این طریق، بخش ناآگاه جامعه را با “اصلاحات بن سلمانی” به “حفظ ساختار جمهوری اسلامی” امیدوار کنند.مراقب باشید با شرکت در این نوع کمپینها، ناخواسته تبدیل به بازوی اصلاحطلبان نشوید!!",choonkehghashange,3848,https://telegram.me/choonkehghashange/13568,2026-01-05 12:27:08
1404-10-15 15:34:38,به بسیجیا برای سرکوب مردم، کارت هدیه 500 هزار تومنی دادن!,choonkehghashange,133,https://telegram.me/choonkehghashange/13567,2026-01-05 12:04:38
1404-10-15 13:16:45,تجربهی ۱۴۰۱:دو نوع خبر رو ترجیحاً اسکیپ کنیم. یک خبری که به شدت ما رو امیدوار میکنه (مثل هواپیمای فرار مسئولین)، و دوم خبری که به شدت ما رو ناامید میکنه (مثل این که بهمون القا کنند اعتراضها فروکش کرده). اجازه ندیم که در چرخهی معیوب نا امیدی و امید واهی اسیرمون کنند!!,choonkehghashange,172,https://telegram.me/choonkehghashange/13566,2026-01-05 09:46:45
1404-10-15 13:15:55,,choonkehghashange,88,https://telegram.me/choonkehghashange/13565,2026-01-05 09:45:55
